Time,position.x,position.y,position.z,orientation.x,orientation.y,orientation.z,orientation.w,orientation
1651835059.3530457,-1.0226916802216723,1.468247596870734,0.0,0.0,0.0,0.0525512755213142,0.9986182270723296,0.1051509871012928
1651835059.3533475,-1.0226916802216723,1.468247596870734,0.0,0.0,0.0,0.0525512755213142,0.9986182270723296,0.1051509871012928
1651835059.366901,-1.0226916802216723,1.468247596870734,0.0,0.0,0.0,0.0525512755213142,0.9986182270723296,0.1051509871012928
1651835059.3928585,-1.0226916802216723,1.468247596870734,0.0,0.0,0.0,0.0525512755213142,0.9986182270723296,0.1051509871012928
1651835059.492927,-1.0226916802216723,1.468247596870734,0.0,0.0,0.0,0.0525512755213142,0.9986182270723296,0.1051509871012928
1651835059.59285,-1.0226916802216723,1.468247596870734,0.0,0.0,0.0,0.0525512755213142,0.9986182270723296,0.1051509871012928
1651835059.6929066,-1.0226916802216723,1.468247596870734,0.0,0.0,0.0,0.0525512755213142,0.9986182270723296,0.1051509871012928
1651835059.7929287,-1.0226916802216723,1.468247596870734,0.0,0.0,0.0,0.0525512755213142,0.9986182270723296,0.1051509871012928
1651835059.8929043,-1.0226916802216723,1.468247596870734,0.0,0.0,0.0,0.0525512755213142,0.9986182270723296,0.1051509871012928
1651835059.9929008,-1.0226916802216723,1.468247596870734,0.0,0.0,0.0,0.0525512755213142,0.9986182270723296,0.1051509871012928
1651835060.0928802,-1.0226916802216723,1.468247596870734,0.0,0.0,0.0,0.0525512755213142,0.9986182270723296,0.1051509871012928
1651835060.1929023,-1.0226916802216726,1.468247596870734,0.0,0.0,0.0,0.0525512755213142,0.9986182270723296,0.1051509871012928
1651835060.2928946,-1.0226916802216723,1.468247596870734,0.0,0.0,0.0,0.0525512755213142,0.9986182270723296,0.1051509871012928
1651835060.3928597,-1.0226916802216723,1.468247596870734,0.0,0.0,0.0,0.0525512755213142,0.9986182270723296,0.1051509871012928
1651835060.4968984,-1.0226916802216723,1.468247596870734,0.0,0.0,0.0,0.0525512755213142,0.9986182270723296,0.1051509871012928
1651835060.5928843,-1.0226916802216723,1.468247596870734,0.0,0.0,0.0,0.0525512755213142,0.9986182270723296,0.1051509871012928
1651835060.6928926,-1.0226916802216723,1.468247596870734,0.0,0.0,0.0,0.0525512755213142,0.9986182270723296,0.1051509871012928
1651835060.7928724,-1.0226916802216723,1.468247596870734,0.0,0.0,0.0,0.0525512755213142,0.9986182270723296,0.1051509871012928
1651835060.8928883,-1.0226916802216723,1.468247596870734,0.0,0.0,0.0,0.0525512755213142,0.9986182270723296,0.1051509871012928
1651835060.9929426,-1.0226916802216723,1.468247596870734,0.0,0.0,0.0,0.0525512755213142,0.9986182270723296,0.1051509871012928
1651835061.09286,-1.0226916802216723,1.468247596870734,0.0,0.0,0.0,0.0525512755213142,0.9986182270723296,0.1051509871012928
1651835061.1929383,-1.0226916802216723,1.468247596870734,0.0,0.0,0.0,0.0525512755213142,0.9986182270723296,0.1051509871012928
1651835061.2929327,-1.0226916802216723,1.468247596870734,0.0,0.0,0.0,0.0525512755213142,0.9986182270723296,0.1051509871012928
1651835061.3928907,-1.0226916802216723,1.468247596870734,0.0,0.0,0.0,0.0525512755213142,0.9986182270723296,0.1051509871012928
1651835061.492947,-1.0226916802216723,1.468247596870734,0.0,0.0,0.0,0.0525512755213142,0.9986182270723296,0.1051509871012928
1651835061.5928686,-1.0226916802216723,1.468247596870734,0.0,0.0,0.0,0.0525512755213142,0.9986182270723296,0.1051509871012928
1651835061.6928997,-1.024434634342468,1.4685637022742866,0.0,0.0,0.0,0.052508781895006,0.9986204623498872,0.10506588234836196
1651835061.7929802,-1.029555637111208,1.4679510821243835,0.0,0.0,0.0,0.0525474636815337,0.9986184276592526,0.1051433528737285
1651835061.8929396,-1.0554198365420064,1.4652453855798315,0.0,0.0,0.0,0.0521860998623507,0.998637377120022,0.1044196322278801
1651835061.9929156,-1.0713601427666817,1.4638923958773669,0.0,0.0,0.0,0.0518306268769053,0.9986558897425816,0.10370772279006286
1651835062.0929515,-1.0850379615682186,1.4621794246873263,0.0,0.0,0.0,0.0517227367803791,0.9986614834366788,0.10349165277961773
1651835062.193003,-1.10396826194248,1.460066239868251,0.0,0.0,0.0,0.0526159929781084,0.9986148192786484,0.10528060133312174
1651835062.2929094,-1.10396826194248,1.460066239868251,0.0,0.0,0.0,0.0526159929781084,0.9986148192786484,0.10528060133312174
1651835062.3928857,-1.1204972939593625,1.458373338853172,0.0,0.0,0.0,0.05184119109304,0.9986553413996516,0.10372887966530567
1651835062.4929202,-1.1295317516913688,1.4577318377040582,0.0,0.0,0.0,0.0518792228033133,0.9986533664096487,0.10380504557820637
1651835062.5928564,-1.147758423584091,1.4557944365075726,0.0,0.0,0.0,0.053601810075445,0.9985623896165106,0.10725502205629527
1651835062.692916,-1.1563975680916705,1.4545458477113726,0.0,0.0,0.0,0.0537947719361386,0.9985520129228816,0.10764150339126091
1651835062.7928956,-1.1646447345375828,1.453381871654375,0.0,0.0,0.0,0.0540401210154319,0.9985387650565388,0.10813291636209682
1651835062.892932,-1.1730275578008484,1.452332788827386,0.0,0.0,0.0,0.0534136739580114,0.9985724707973416,0.10687821001299022
1651835062.9929397,-1.1818342417232517,1.451614105845867,0.0,0.0,0.0,0.0525453693349683,0.9986185378619064,0.10513915838584036
1651835063.0929527,-1.2004581565059094,1.4501769123287471,0.0,0.0,0.0,0.0524387628906228,0.9986241415800546,0.10492565114339741
1651835063.192939,-1.2094615560998714,1.4494701218379866,0.0,0.0,0.0,0.0534039550119592,0.9985729906166502,0.10685874433812595
1651835063.292881,-1.225897218212205,1.4476052748396355,0.0,0.0,0.0,0.0539965616392395,0.9985411215023344,0.10804567022541761
1651835063.3930166,-1.2339992337566827,1.446157894405958,0.0,0.0,0.0,0.053735352411466,0.998555212244779,0.10752249220566955
1651835063.4928968,-1.242516237333067,1.445136967732917,0.0,0.0,0.0,0.0532334348764607,0.9985820954790116,0.1065172182618161
1651835063.5928814,-1.2519525577398154,1.444542660610299,0.0,0.0,0.0,0.0527531294652745,0.9986075842550066,0.10555525574658708
1651835063.6928778,-1.2616834024070185,1.4439760754167434,0.0,0.0,0.0,0.0521188367112164,0.9986408898397208,0.10428492260384506
1651835063.7928576,-1.2799805002199016,1.4418146313536453,0.0,0.0,0.0,0.0537246031470669,0.9985557906380044,0.10750096257735449
1651835063.8928697,-1.2879171023128475,1.4408562312788662,0.0,0.0,0.0,0.0540853949737614,0.9985363138366736,0.10822359689544325
1651835063.9928827,-1.3030120243290144,1.4381560067439818,0.0,0.0,0.0,0.053386202881949,0.998573939847144,0.10682318935769074
1651835064.092899,-1.3118777165548927,1.4373876546608193,0.0,0.0,0.0,0.0533626139267077,0.998575200690919,0.1067759441024188
1651835064.1929822,-1.3212259338976764,1.4366001496802954,0.0,0.0,0.0,0.0510877648701557,0.9986941675410804,0.10222002769167396
1651835064.2929225,-1.3312569401400158,1.4362112535009603,0.0,0.0,0.0,0.0433708446461366,0.9990590422165652,0.0867689062924639
1651835064.3929057,-1.340262008579385,1.43547755381598,0.0,0.0,0.0,0.0368515896781306,0.9993207494784618,0.07371987153262262
1651835064.4928875,-1.356447377708731,1.434943222441818,0.0,0.0,0.0,0.0163723235207012,0.999865964528513,0.03274611010124509
1651835064.5928986,-1.3651032502142726,1.4344840375755294,0.0,0.0,0.0,0.0070843131837297,0.9999749059385016,0.014168744884776173
1651835064.6928985,-1.3738218283944246,1.434236280089386,0.0,0.0,0.0,-0.0014502584931888,0.9999989483745984,-0.0029005180031304737
1651835064.7929523,-1.391367147846562,1.4345909548380311,0.0,0.0,0.0,-0.018126132507486,0.9998357081642568,-0.036254250462506125
1651835064.8929138,-1.397739961219831,1.4346698320159108,0.0,0.0,0.0,-0.0229513688595165,0.9997365826393844,-0.04590676866977016
1651835064.9929638,-1.3998787602948042,1.4346967761458198,0.0,0.0,0.0,-0.0299604773641115,0.9995510841353304,-0.059929922827680386
1651835065.0928805,-1.3990895859854808,1.4346073892103313,0.0,0.0,0.0,-0.0407589683169865,0.9991690079769964,-0.08154052439394217
1651835065.1928923,-1.3991570861786675,1.435640566827458,0.0,0.0,0.0,-0.0551216629585135,0.9984796453972852,-0.11029922956517745
1651835065.2954037,-1.4035009962838845,1.4360520441672764,0.0,0.0,0.0,-0.0634668174791057,0.9979839493093432,-0.1270190053540723
1651835065.3929253,-1.4114321795568454,1.4363580488542231,0.0,0.0,0.0,-0.0688776728450561,0.9976251130477066,-0.13786450051366175
1651835065.49292,-1.4220628476628212,1.4371937097160257,0.0,0.0,0.0,-0.0683203669935727,0.997663433956494,-0.13674725691934056
1651835065.5929153,-1.4331858607112664,1.4389264195131315,0.0,0.0,0.0,-0.0673418749459429,0.9977299593972132,-0.13478575504716447
1651835065.692865,-1.445815831104439,1.4507331249001996,0.0,0.0,0.0,-0.0667363963781951,0.9977706416799668,-0.13357206751664735
1651835065.79291,-1.4532645773049504,1.448417538966526,0.0,0.0,0.0,-0.0670531873975952,0.9977494024352122,-0.1342070719460402
1651835065.8928623,-1.4636384828331388,1.436059310012914,0.0,0.0,0.0,-0.0668988327421291,0.997759763759664,-0.13389766789463697
1651835065.9929705,-1.468755515599916,1.4274320925252848,0.0,0.0,0.0,-0.0671296200336815,0.9977442628820942,-0.13436028242699008
1651835066.0928853,-1.4756314699301465,1.4206539616487646,0.0,0.0,0.0,-0.0672336410961689,0.9977372587535016,-0.13456879563298146
1651835066.1928935,-1.48552564493521,1.4167671537972708,0.0,0.0,0.0,-0.067136153017337,0.9977438233123934,-0.13437337793720772
1651835066.292862,-1.4994951086489323,1.4157005391825916,0.0,0.0,0.0,-0.0671026674622395,0.9977460759228534,-0.13430625546245667
1651835066.392917,-1.5265888280646296,1.414765199674074,0.0,0.0,0.0,-0.0702627486214455,0.997528518968836,-0.14064138051258399
1651835066.4929311,-1.532665976619556,1.4130717585548656,0.0,0.0,0.0,-0.0786402990746655,0.996903056150119,-0.1574431626087473
1651835066.592899,-1.5320558571214864,1.403972042225192,0.0,0.0,0.0,-0.0917319961111898,0.9957837319867484,-0.18372227232015484
1651835066.6929865,-1.5304383197644449,1.3988715921430517,0.0,0.0,0.0,-0.1030967905862721,0.9946713285155104,-0.20656060955337835
1651835066.7928765,-1.530860969637854,1.3941868356203029,0.0,0.0,0.0,-0.1114210722398555,0.9937732863490149,-0.22330582430713317
1651835066.8929036,-1.5327214261265305,1.3913891113219308,0.0,0.0,0.0,-0.1197599671667651,0.9928028758339772,-0.24009621192777217
1651835066.9928863,-1.534309485897397,1.390572414834768,0.0,0.0,0.0,-0.1275439384057231,0.9918329213007386,-0.25578459432413153
1651835067.0935595,-1.5345462805090833,1.391536129575581,0.0,0.0,0.0,-0.1412731309837798,0.9899706573742676,-0.28349465217583025
1651835067.1929517,-1.5335766948518657,1.3919916486797097,0.0,0.0,0.0,-0.1461260778330039,0.9892659750426792,-0.29330234680828543
1651835067.2928517,-1.535352262117352,1.3847448814459946,0.0,0.0,0.0,-0.1683368105945944,0.985729536028438,-0.3382843153538951
1651835067.3928986,-1.538783089180531,1.3737838760658203,0.0,0.0,0.0,-0.1780725470144075,0.9840173616353532,-0.358054687176587
1651835067.4929466,-1.5423695699136113,1.3591379097137868,0.0,0.0,0.0,-0.1855694935596321,0.982631142932088,-0.3733027810047653
1651835067.59292,-1.547299755540533,1.3396692980945175,0.0,0.0,0.0,-0.1929122144125447,0.9812160198093224,-0.3882585001179385
1651835067.6929953,-1.552270773135856,1.3190117740265015,0.0,0.0,0.0,-0.2009410964575955,0.9796033257162918,-0.4046370353307956
1651835067.7928998,-1.5596634722737266,1.2844890988904452,0.0,0.0,0.0,-0.2183952830337093,0.9758603897836134,-0.4403395092344394
1651835067.8929996,-1.5613780139261175,1.272745367483363,0.0,0.0,0.0,-0.2280106340716474,0.973658641799191,-0.4600680123468451
1651835067.9929106,-1.561221154264648,1.267899481747638,0.0,0.0,0.0,-0.2360258139038777,0.9717467855213168,-0.4765481441855575
1651835068.092849,-1.560563772707739,1.273290949683928,0.0,0.0,0.0,-0.2495399095955519,0.9683645147975238,-0.504410209888476
1651835068.1929688,-1.560563772707739,1.273290949683928,0.0,0.0,0.0,-0.2495399095955519,0.9683645147975238,-0.504410209888476
1651835068.2936528,-1.5610423805548066,1.2767066402574476,0.0,0.0,0.0,-0.2630811190277844,0.964773716894842,-0.5324288745477584
1651835068.3929312,-1.5608703965707915,1.275554013685746,0.0,0.0,0.0,-0.2733491206670519,0.9619148913654209,-0.5537460804238633
1651835068.4929156,-1.5601310983793024,1.2725884102746448,0.0,0.0,0.0,-0.2916100600079797,0.9565372825468658,-0.5918192481961634
1651835068.592913,-1.560349084106298,1.272289228616053,0.0,0.0,0.0,-0.3007102638755238,0.9537155431258908,-0.6108746002514878
1651835068.6928418,-1.5609485403615184,1.2717175575342987,0.0,0.0,0.0,-0.3079711277384818,0.9513957034165582,-0.626119544545758
1651835068.792951,-1.5618206475236311,1.2693227279161745,0.0,0.0,0.0,-0.3144848487906982,0.9492624926126028,-0.639827838998592
1651835068.8928714,-1.570671947975869,1.2765155841162517,0.0,0.0,0.0,-0.3306638989058557,0.943748581964698,-0.6740139172702162
1651835068.9928253,-1.5712444462356003,1.2620795302975123,0.0,0.0,0.0,-0.3532717921887869,0.9355207324499668,-0.7221321993393673
1651835069.09294,-1.5716187101812975,1.255757344327601,0.0,0.0,0.0,-0.3604970204437143,0.9327603648586298,-0.7376013752470366
1651835069.192898,-1.572915374327175,1.2455391090887322,0.0,0.0,0.0,-0.3754424023098552,0.9268457274799322,-0.7697480974180458
1651835069.2929134,-1.5734074801955111,1.2390319147615758,0.0,0.0,0.0,-0.3843118396909505,0.9232033415631452,-0.7889246037685462
1651835069.3929496,-1.5727770373187284,1.2316458279112914,0.0,0.0,0.0,-0.3922943983338489,0.9198397170354646,-0.806249231515829
1651835069.4928627,-1.5709590625819312,1.2233129071288589,0.0,0.0,0.0,-0.4020352645795509,0.9156241838409744,-0.8274771615087237
1651835069.5929098,-1.5676390948816106,1.214315370317807,0.0,0.0,0.0,-0.4125573192763124,0.9109316430509716,-0.8505193004994459
1651835069.6929345,-1.5568848701591222,1.1929918503862305,0.0,0.0,0.0,-0.4305559653951389,0.9025638817627591,-0.8902173420720736
1651835069.793069,-1.55042070965404,1.1808344365065726,0.0,0.0,0.0,-0.4389757635594443,0.8984989031754034,-0.9089168275048307
1651835069.8928747,-1.543410148671709,1.1694058952689892,0.0,0.0,0.0,-0.4478826635326206,0.894092344060123,-0.9287915796310747
1651835069.9931488,-1.5311484517771403,1.1485712249754567,0.0,0.0,0.0,-0.4647559028669406,0.8854388464204261,-0.9667178239965706
1651835070.093083,-1.5262902449786462,1.1385218610669716,0.0,0.0,0.0,-0.4774143480156763,0.87867829170224,-0.9954193827066895
1651835070.1930978,-1.5213269490762125,1.127379287948457,0.0,0.0,0.0,-0.4871258168694932,0.8733318032335871,-1.017591331192621
1651835070.2931058,-1.516256180748906,1.1153028910827192,0.0,0.0,0.0,-0.4959241604327651,0.8683658371326322,-1.0377975220265032
1651835070.3929613,-1.5077086609296475,1.0914528343856125,0.0,0.0,0.0,-0.5119445006130994,0.8590185261634374,-1.074893795962458
1651835070.4929826,-1.5034787104528653,1.080185851629271,0.0,0.0,0.0,-0.5202169191829892,0.8540341661758968,-1.0942098492380041
1651835070.5931015,-1.4993847257178126,1.0690594644531366,0.0,0.0,0.0,-0.5315688458996093,0.8470150896347464,-1.1209033930292194
1651835070.6936789,-1.4960097452778338,1.0628966164836424,0.0,0.0,0.0,-0.5402505339915041,0.8415042248984224,-1.141469605130563
1651835070.7931218,-1.493424330776493,1.0513845573758054,0.0,0.0,0.0,-0.5479554899687622,0.8365074901117705,-1.159836346575625
1651835070.8930826,-1.4883389097569235,1.0265380261926558,0.0,0.0,0.0,-0.5643741686925591,0.8255191080239045,-1.199349901123614
1651835070.9931314,-1.4850964010269008,1.0140569148178695,0.0,0.0,0.0,-0.5728781432147614,0.8196405511117708,-1.220026067684439
1651835071.093051,-1.4756177356919975,0.9853337515543116,0.0,0.0,0.0,-0.5894758901203399,0.8077859710138775,-1.2608197287067389
1651835071.19312,-1.4698400807339222,0.96789007931415,0.0,0.0,0.0,-0.5960638022462175,0.8029370732826965,-1.2771797737549397
1651835071.2931173,-1.4645605542711553,0.9495803408904496,0.0,0.0,0.0,-0.6099785441092619,0.792417929962684,-1.3120670283191573
1651835071.3929756,-1.4598593928848378,0.9324771654099928,0.0,0.0,0.0,-0.6164594235256279,0.7873866770186365,-1.328476255212874
1651835071.4930289,-1.455989185782935,0.916570796031228,0.0,0.0,0.0,-0.6238652463810864,0.7815319279196893,-1.3473574586823895
1651835071.5930803,-1.44876819403533,0.8847367541731532,0.0,0.0,0.0,-0.639231935298735,0.7690140004539799,-1.3869981699200877
1651835071.6930122,-1.4460258300903936,0.8677111197445551,0.0,0.0,0.0,-0.64978799718431,0.7601154903797206,-1.4146109895483987
1651835071.793114,-1.44587937084952,0.8262011627282748,0.0,0.0,0.0,-0.66408703818385,0.7476552719778025,-1.4525441096326082
1651835071.893113,-1.442893634806938,0.8098434612629916,0.0,0.0,0.0,-0.6684634111816635,0.7437450288313692,-1.4642816972789077
1651835071.993719,-1.4413210813846882,0.7930464508712264,0.0,0.0,0.0,-0.667423965341673,0.7446779508536541,-1.4614882825434485
1651835072.0930996,-1.4394637977439309,0.7763068254638757,0.0,0.0,0.0,-0.6645214233909775,0.7472692137740115,-1.4537064029766327
1651835072.1931098,-1.4378197011156768,0.7595549105725389,0.0,0.0,0.0,-0.6642569581755552,0.7475043100312925,-1.4529986965356205
1651835072.2931576,-1.4345880221030032,0.7258416683123757,0.0,0.0,0.0,-0.6658046737795448,0.7461260861096561,-1.457143537331696
1651835072.393075,-1.4325024013505043,0.7092991229145312,0.0,0.0,0.0,-0.6643549899964001,0.7474171842196854,-1.4532610028067696
1651835072.493062,-1.4301532913769854,0.6926060414488042,0.0,0.0,0.0,-0.6644202166134014,0.747359201291722,-1.4534355482908758
1651835072.5930617,-1.4264138081681237,0.659068751147023,0.0,0.0,0.0,-0.6648668143500548,0.7469619261890191,-1.4546310014371744
1651835072.6929471,-1.4264138081681237,0.659068751147023,0.0,0.0,0.0,-0.6648668143500548,0.7469619261890191,-1.4546310014371744
1651835072.7929564,-1.42205774241827,0.621623004620301,0.0,0.0,0.0,-0.6626908502963549,0.7488930744328554,-1.4488123558652806
1651835072.892964,-1.420155565218406,0.6051797624802444,0.0,0.0,0.0,-0.6625314926350891,0.7490340588162336,-1.4483868140425116
1651835072.9930391,-1.4161290986504516,0.5719731896837866,0.0,0.0,0.0,-0.663064798317926,0.7485620035986386,-1.4498112452991845
1651835073.0930362,-1.4134907591362098,0.555544440798833,0.0,0.0,0.0,-0.6626994096559244,0.7488855002212883,-1.4488352146768948
1651835073.193092,-1.4114690673139794,0.5389187348905888,0.0,0.0,0.0,-0.661961666660792,0.7495376920953786,-1.4468658299548631
1651835073.293089,-1.409399808414233,0.5237325682438275,0.0,0.0,0.0,-0.6620126846642567,0.7494926319475218,-1.447001965969263
1651835073.3930895,-1.4077355321490193,0.510732442469814,0.0,0.0,0.0,-0.6620641667655152,0.749447155632126,-1.4471393486757995
1651835073.4930255,-1.4083796073541075,0.4953124478429126,0.0,0.0,0.0,-0.6612964809590144,0.7501246324919773,-1.4450916021243756
1651835073.5930266,-1.411539706028301,0.4916619674301358,0.0,0.0,0.0,-0.6610205250989429,0.7503678200708755,-1.444355961351271
1651835073.693127,-1.4206556174561846,0.4815335155425792,0.0,0.0,0.0,-0.6612179471933131,0.75019385915206,-1.4448822232063205
1651835073.7930562,-1.4252219798178438,0.4750595867291532,0.0,0.0,0.0,-0.6609138241687228,0.7504618025074125,-1.4440715828223956
1651835073.893092,-1.429774537340661,0.4691091118247961,0.0,0.0,0.0,-0.6605232940002616,0.7508055527785101,-1.4430310482146798
1651835073.993,-1.433891721920746,0.4638801660956492,0.0,0.0,0.0,-0.6609285031761468,0.7504488748005012,-1.444110703091564
1651835074.0930696,-1.4379487979146244,0.4586473849349077,0.0,0.0,0.0,-0.6607228988082761,0.7506299028085603,-1.4435628188108671
1651835074.1931615,-1.4486012085075548,0.4505804227008637,0.0,0.0,0.0,-0.6597135137446445,0.7515171852876651,-1.4408749730740356
1651835074.2929685,-1.4525603490233363,0.4413225139544959,0.0,0.0,0.0,-0.6601552886681593,0.751129146580972,-1.442050964793224
1651835074.3929696,-1.459311593144833,0.4210472730707479,0.0,0.0,0.0,-0.6596745721732991,0.7515513680567516,-1.4407713408844058
1651835074.493069,-1.4630432615871476,0.4123735509922736,0.0,0.0,0.0,-0.6592778821400643,0.7518993776569517,-1.439715928792829
1651835074.5931838,-1.46695442545231,0.4042919591226395,0.0,0.0,0.0,-0.6602932481574868,0.7510078737520903,-1.4424183333809686
1651835074.693073,-1.469876138390922,0.39608994377391,0.0,0.0,0.0,-0.6608574696060249,0.7505114288709546,-1.4439214014294344
1651835074.7930543,-1.4721030287906411,0.3874001107909915,0.0,0.0,0.0,-0.6603480918477088,0.7509596511085598,-1.442564391639326
1651835074.8930354,-1.4763727895594994,0.3679301515300384,0.0,0.0,0.0,-0.6608941541805216,0.750479124939537,-1.4440191624030694
1651835074.9930968,-1.4773457784793722,0.3565114774325156,0.0,0.0,0.0,-0.66162321921777,0.74983645936425,-1.445962926735025
1651835075.0930145,-1.4784256617751612,0.3326187004341392,0.0,0.0,0.0,-0.6601459710387448,0.7511373355927081,-1.4420261552683498
1651835075.1930256,-1.478991674816193,0.3205294919774624,0.0,0.0,0.0,-0.6601293949460987,0.751151903364491,-1.4419820197125175
1651835075.2932763,-1.4793867237610503,0.3094441776171686,0.0,0.0,0.0,-0.6602536029056526,0.7510427283784225,-1.4423127570394825
1651835075.3930416,-1.480088698567985,0.2984752828773687,0.0,0.0,0.0,-0.6602443972871898,0.75105082108395,-1.4422882429379045
1651835075.493529,-1.4808656837376737,0.2875074873075023,0.0,0.0,0.0,-0.6600772695950623,0.7511977091045522,-1.441843236168174
1651835075.593013,-1.482491307544798,0.2643155477628273,0.0,0.0,0.0,-0.660065503290007,0.7512080479910408,-1.4418119095974404
1651835075.693114,-1.4828518029852218,0.2532189623826494,0.0,0.0,0.0,-0.6595941936989319,0.7516219126919171,-1.4405574507752081
1651835075.793021,-1.4923379334967728,0.2650847847845363,0.0,0.0,0.0,-0.6619858948900977,0.7495162939967058,-1.4469304793391506
1651835075.8928697,-1.4935042301369776,0.2407020707194988,0.0,0.0,0.0,-0.6622222965581719,0.7493074335286022,-1.4475613785216825
1651835075.9930894,-1.4935042301369776,0.2407020707194988,0.0,0.0,0.0,-0.6622222965581719,0.7493074335286022,-1.4475613785216825
1651835076.093076,-1.494787658724022,0.2135400067812845,0.0,0.0,0.0,-0.6621674099834839,0.7493559375595584,-1.4474148837831782
1651835076.1930928,-1.4957696934049458,0.199981905066386,0.0,0.0,0.0,-0.6619092686303264,0.749583964677251,-1.446726020006264
1651835076.2930243,-1.4963347617751406,0.1738082130503972,0.0,0.0,0.0,-0.6619128109405649,0.7495808366765789,-1.4467354714294438
1651835076.3930783,-1.4959856978509545,0.1609664901785914,0.0,0.0,0.0,-0.6623177716015498,0.7492230438399218,-1.447816228308699
1651835076.4931264,-1.4962624987054478,0.1476382497309443,0.0,0.0,0.0,-0.6619146807786105,0.7495791855232843,-1.4467404604580143
1651835076.5930607,-1.496980419514924,0.133817835950987,0.0,0.0,0.0,-0.6615562855170353,0.7498955134503092,-1.4457844049673927
1651835076.6930945,-1.4976640014911489,0.1205558814561967,0.0,0.0,0.0,-0.6618390830417545,0.7496459351977101,-1.4465387622987533
1651835076.7930076,-1.498826481326487,0.0943165193344627,0.0,0.0,0.0,-0.6620161571321359,0.7494895647679153,-1.4470112321710547
1651835076.8930972,-1.4990119067244088,0.0812496177243269,0.0,0.0,0.0,-0.6616747495566531,0.7497909880754373,-1.4461003751098216
1651835076.993139,-1.4909463769470943,0.0545354744108568,0.0,0.0,0.0,-0.6609013140091813,0.7504728197216323,-1.4440382431702723
1651835077.0930269,-1.4910794932900164,0.0406006496143735,0.0,0.0,0.0,-0.6610031242253389,0.7503831486409734,-1.4443095822411693
1651835077.193115,-1.4907522617327906,0.026804015347476,0.0,0.0,0.0,-0.6608619195041139,0.7505075105216058,-1.4439332597690522
1651835077.2930806,-1.4898623781237748,0.0125962818712637,0.0,0.0,0.0,-0.6605525038841635,0.7507798542930959,-1.443108858997232
1651835077.393029,-1.4886152205263803,-0.0017261726613604,0.0,0.0,0.0,-0.6598783495008205,0.7513724534876648,-1.441313689933244
1651835077.4930816,-1.4874282175892106,-0.0297641012680252,0.0,0.0,0.0,-0.6603292896431012,0.7509761842025601,-1.4425143170511456
1651835077.5931065,-1.4869923456819691,-0.0433569878291766,0.0,0.0,0.0,-0.660493431914584,0.7508318229788178,-1.4429515028166877
1651835077.693074,-1.486615029122465,-0.0571515935188546,0.0,0.0,0.0,-0.6601671230887168,0.7511187453344291,-1.4420824760254807
1651835077.7930846,-1.486093566571565,-0.0861391128838461,0.0,0.0,0.0,-0.6599810423208795,0.7512822530694077,-1.4415870536526694
1651835077.8931377,-1.486048001737851,-0.1003673226751885,0.0,0.0,0.0,-0.6597786299204405,0.7514600185640661,-1.441048272244744
1651835077.993066,-1.4858853238762957,-0.1143668972604617,0.0,0.0,0.0,-0.6596993531730359,0.751529615799057,-1.4408372880955027
1651835078.0930457,-1.4861260162049854,-0.1282531824825437,0.0,0.0,0.0,-0.6598773994174639,0.7513732878789642,-1.4413111610068117
1651835078.1931162,-1.4926823088839556,-0.161477057147024,0.0,0.0,0.0,-0.6591345389848261,0.7520250391557854,-1.4393346778384548
1651835078.2930052,-1.4927340152115018,-0.1757896465884006,0.0,0.0,0.0,-0.6593314685022172,0.7518523888654672,-1.4398584692395258
1651835078.3932266,-1.4927924295041848,-0.1898574763009202,0.0,0.0,0.0,-0.6599472173853776,0.7513119660069958,-1.4414970095540918
1651835078.4929028,-1.4930008001233834,-0.2035910811915808,0.0,0.0,0.0,-0.6602858070496176,0.7510144159793707,-1.4423985171427673
1651835078.5930705,-1.4935886314255238,-0.231806055719501,0.0,0.0,0.0,-0.6584575660977292,0.7526178536605777,-1.437534987441088
1651835078.6929057,-1.494643427409398,-0.2464460311010257,0.0,0.0,0.0,-0.6591586876627147,0.7520038726487834,-1.4393989018110047
1651835078.7930171,-1.4982432664204168,-0.2742254910239334,0.0,0.0,0.0,-0.6596879265095235,0.7515396460716929,-1.4408068792146826
1651835078.8930595,-1.5000372423741484,-0.2891444194844277,0.0,0.0,0.0,-0.6590375422618275,0.752110043736613,-1.439076730998527
1651835078.992978,-1.501476099981168,-0.3028233065661991,0.0,0.0,0.0,-0.6600339786664198,0.7512357466240382,-1.4417279806712586
1651835079.092944,-1.5029335851518744,-0.3168470453353129,0.0,0.0,0.0,-0.6593488155002963,0.7518371761880069,-1.4399046143973602
1651835079.193122,-1.5029335851518744,-0.3168470453353129,0.0,0.0,0.0,-0.6593488155002963,0.7518371761880069,-1.4399046143973602
1651835079.2931058,-1.506835422239738,-0.3621038154783286,0.0,0.0,0.0,-0.6582896506858656,0.7527647280524513,-1.4370888140544502
1651835079.393031,-1.5174319637542322,-0.3798501803405733,0.0,0.0,0.0,-0.6604786048557889,0.7508448658196649,-1.44291200814009
1651835079.4929762,-1.5187840359952949,-0.3934391908292515,0.0,0.0,0.0,-0.6605184322137041,0.7508098299209663,-1.443018097397544
1651835079.593603,-1.519990139412153,-0.4072581935145373,0.0,0.0,0.0,-0.6611500337364571,0.7502537123468845,-1.4447011746762697
1651835079.693144,-1.519990139412153,-0.4072581935145373,0.0,0.0,0.0,-0.6611500337364571,0.7502537123468845,-1.4447011746762697
1651835079.793019,-1.5242834777693623,-0.4508028296127433,0.0,0.0,0.0,-0.6606238911697662,0.7507170401793988,-1.4432990353094486
1651835079.8929749,-1.5241954349866629,-0.4648935644192413,0.0,0.0,0.0,-0.6609785438572162,0.750404800464652,-1.444244069006911
1651835079.9930031,-1.520625250874669,-0.4941468812449514,0.0,0.0,0.0,-0.6608497295711317,0.7505182442324517,-1.4439007754950328
1651835080.0929737,-1.520625250874669,-0.4941468812449514,0.0,0.0,0.0,-0.6608497295711317,0.7505182442324517,-1.4439007754950328
1651835080.1929672,-1.5181689807068974,-0.5106240806817297,0.0,0.0,0.0,-0.6603789189905446,0.7509325424782707,-1.4426464937847743
1651835080.2929883,-1.5137669508985678,-0.5439886574670167,0.0,0.0,0.0,-0.6607854215842855,0.7505748641019615,-1.4437294124091595
1651835080.3929892,-1.5137669508985678,-0.5439886574670167,0.0,0.0,0.0,-0.6607854215842855,0.7505748641019615,-1.4437294124091595
1651835080.492984,-1.5009545961943216,-0.6129227251504324,0.0,0.0,0.0,-0.6583307284706011,0.7527288037210795,-1.4371979551005147
1651835080.5930223,-1.4989498941861994,-0.6281554019418468,0.0,0.0,0.0,-0.6580446349691217,0.752978922937658,-1.4364379311118713
1651835080.6929512,-1.4942584264047052,-0.660453565655739,0.0,0.0,0.0,-0.6579435050839882,0.7530672905642602,-1.4361693340819135
1651835080.7929776,-1.4942584264047052,-0.660453565655739,0.0,0.0,0.0,-0.6579435050839882,0.7530672905642602,-1.4361693340819135
1651835080.8929825,-1.4923326110430162,-0.6764900742493593,0.0,0.0,0.0,-0.6582480337399136,0.7528011198700076,-1.4369782458026559
1651835080.9929707,-1.4874134133095884,-0.7091086191138691,0.0,0.0,0.0,-0.6571434609926072,0.7537655283141156,-1.4340455576252829
1651835081.093135,-1.4874134133095884,-0.7091086191138691,0.0,0.0,0.0,-0.6571434609926072,0.7537655283141156,-1.4340455576252829
1651835081.1932948,-1.4810225598995816,-0.7579306363296918,0.0,0.0,0.0,-0.6567764520763933,0.7540853346922648,-1.4330719629072095
1651835081.2931268,-1.4810225598995816,-0.7579306363296918,0.0,0.0,0.0,-0.6567764520763933,0.7540853346922648,-1.4330719629072095
1651835081.392964,-1.474635765675203,-0.807675055370409,0.0,0.0,0.0,-0.6578565717878466,0.7531432340236097,-1.435938467826165
1651835081.4962828,-1.4745637915613066,-0.808237914272695,0.0,0.0,0.0,-0.6578063170044463,0.753187127684114,-1.4358050182598303
1651835081.5929344,-1.4882021918074022,-0.8230527191989362,0.0,0.0,0.0,-0.6602281192775082,0.7510651306746202,-1.4422448960586924
1651835081.6929064,-1.4837754403217132,-0.8558375924096532,0.0,0.0,0.0,-0.6610396365488809,0.750350983814457,-1.44440690080745
1651835081.792904,-1.4837754403217132,-0.8558375924096532,0.0,0.0,0.0,-0.6610396365488809,0.750350983814457,-1.44440690080745
1651835081.8929937,-1.477398660657795,-0.9059205101639848,0.0,0.0,0.0,-0.6600358838790938,0.7512340727043358,-1.4417330528867522
1651835081.9929175,-1.477398660657795,-0.9059205101639848,0.0,0.0,0.0,-0.6600358838790938,0.7512340727043358,-1.4417330528867522
1651835082.0929716,-1.4753804740953478,-0.9224952468653376,0.0,0.0,0.0,-0.6608796178988698,0.7504919257699204,-1.443980424063261
1651835082.1929305,-1.4706950946261486,-0.9544858044178564,0.0,0.0,0.0,-0.6597922118105323,0.751448093506242,-1.4410844205361328
1651835082.2929597,-1.46809882304412,-0.972066460718968,0.0,0.0,0.0,-0.6608593029338328,0.7505098145432934,-1.4439262869773664
1651835082.393218,-1.463806428052674,-1.0054921059266675,0.0,0.0,0.0,-0.661320681878578,0.7501032966996297,-1.4451561281049699
1651835082.4929385,-1.4615604593318734,-1.022121135464277,0.0,0.0,0.0,-0.6597955492650814,0.7514451631157056,-1.4410933032815558
1651835082.5929167,-1.4647569828537663,-1.064022867445603,0.0,0.0,0.0,-0.661485458820237,0.7499579906697311,-1.4455955153283686
1651835082.692905,-1.4623919951395248,-1.0800531472126798,0.0,0.0,0.0,-0.6612338089613228,0.7501798783535192,-1.4449245107180588
1651835082.7930243,-1.4600276642809122,-1.097025133777116,0.0,0.0,0.0,-0.66023896742616,0.7510555944083223,-1.4422737836133885
1651835082.8932154,-1.458033292912786,-1.1141867583436886,0.0,0.0,0.0,-0.6611737628764838,0.7502328007250492,-1.4447644318660358
1651835082.994525,-1.458033292912786,-1.1141867583436886,0.0,0.0,0.0,-0.6611737628764838,0.7502328007250492,-1.4447644318660358
1651835083.0930753,-1.4517920346585167,-1.163639182796621,0.0,0.0,0.0,-0.6595147019707222,0.7516916641046844,-1.4403459400714866
1651835083.193006,-1.4517920346585167,-1.163639182796621,0.0,0.0,0.0,-0.6595147019707222,0.7516916641046844,-1.4403459400714866
1651835083.29301,-1.4452116086305564,-1.2136834101894014,0.0,0.0,0.0,-0.6599655947579777,0.7512958230522441,-1.4415459308301104
1651835083.3930037,-1.4452116086305564,-1.2136834101894014,0.0,0.0,0.0,-0.6599655947579777,0.7512958230522441,-1.4415459308301104
1651835083.4929414,-1.4431688081848142,-1.2310236557216638,0.0,0.0,0.0,-0.6599475452800468,0.7513116779864669,-1.441497882413162
1651835083.593057,-1.438001275080878,-1.2656668640610067,0.0,0.0,0.0,-0.6601920791506569,0.7510968104224199,-1.4421489273728711
1651835083.692974,-1.438001275080878,-1.2656668640610067,0.0,0.0,0.0,-0.6601920791506569,0.7510968104224199,-1.4421489273728711
1651835083.7929728,-1.4319035080568463,-1.3160991275009906,0.0,0.0,0.0,-0.6597713784214271,0.7514663852867207,-1.441028972566477
1651835083.8932617,-1.4319035080568463,-1.3160991275009906,0.0,0.0,0.0,-0.6597713784214271,0.7514663852867207,-1.441028972566477
1651835083.9930916,-1.4256996869536664,-1.3669700242998817,0.0,0.0,0.0,-0.659885583503997,0.7513661003023688,-1.4413329454535289
1651835084.09294,-1.425684873772415,-1.3670712322913068,0.0,0.0,0.0,-0.659885583503997,0.7513661003023688,-1.4413329454535289
1651835084.1929982,-1.4225113382207988,-1.385404037433252,0.0,0.0,0.0,-0.6600265438559646,0.7512422787660119,-1.4417081872091795
1651835084.293003,-1.4180766755346483,-1.4260592226189273,0.0,0.0,0.0,-0.6585310610063824,0.7525535473903556,-1.4377303005025597
1651835084.3930738,-1.416406206005135,-1.4450700062129394,0.0,0.0,0.0,-0.6583088002378534,0.7527479814183482,-1.4371396925408721
1651835084.4929175,-1.4048286477170775,-1.479838673047901,0.0,0.0,0.0,-0.6598888177993556,0.7513632597774321,-1.4413415545762216
1651835084.5931635,-1.4048286477170775,-1.479838673047901,0.0,0.0,0.0,-0.6598888177993556,0.7513632597774321,-1.4413415545762216
1651835084.693136,-1.402551477040575,-1.498410684934098,0.0,0.0,0.0,-0.6584584061145128,0.7526171187377652,-1.437537219695318
1651835084.7930431,-1.3971657079893482,-1.5349207677330603,0.0,0.0,0.0,-0.6588614148137039,0.752264339225039,-1.438608423509876
1651835084.8930547,-1.3948239895487515,-1.5533634050327507,0.0,0.0,0.0,-0.6583807983955051,0.752685010016871,-1.4373309947323516
1651835084.9931176,-1.3897397984615354,-1.590893117543029,0.0,0.0,0.0,-0.6582321273543172,0.7528150280903071,-1.436935986995543
1651835085.0930636,-1.3897397984615354,-1.590893117543029,0.0,0.0,0.0,-0.6582321273543172,0.7528150280903071,-1.436935986995543
1651835085.192947,-1.3821871319611647,-1.6482069067325953,0.0,0.0,0.0,-0.6572821919296253,0.7536445582449244,-1.434413688203321
1651835085.2929113,-1.3821871319611647,-1.6482069067325953,0.0,0.0,0.0,-0.6572821919296253,0.7536445582449244,-1.434413688203321
1651835085.3930233,-1.37931718916906,-1.666584247733161,0.0,0.0,0.0,-0.6579388135194607,0.7530713894874804,-1.4361568742345179
1651835085.4930425,-1.3638747500210564,-1.699545304772766,0.0,0.0,0.0,-0.656820004331802,0.754047400306885,-1.4331874759635495
1651835085.5930882,-1.3638747500210564,-1.699545304772766,0.0,0.0,0.0,-0.656820004331802,0.754047400306885,-1.4331874759635495
1651835085.6930623,-1.355683554226402,-1.7558370931480236,0.0,0.0,0.0,-0.6576829154613736,0.7532948842984584,-1.435477363387578
1651835085.7930305,-1.355683554226402,-1.7558370931480236,0.0,0.0,0.0,-0.6576829154613736,0.7532948842984584,-1.435477363387578
1651835085.8930688,-1.3477846762291987,-1.812230728215497,0.0,0.0,0.0,-0.6572445931949092,0.7536773478857238,-1.4343139119456938
1651835085.9931874,-1.3477846762291987,-1.812230728215497,0.0,0.0,0.0,-0.6572445931949092,0.7536773478857238,-1.4343139119456938
1651835086.0930774,-1.3450843454343393,-1.8313313129880275,0.0,0.0,0.0,-0.6565354070730325,0.7542952069710156,-1.432432747551002
1651835086.1930425,-1.3401865237529376,-1.8690056775249515,0.0,0.0,0.0,-0.656807695389757,0.754058121948697,-1.433154828534406
1651835086.2930646,-1.3401865237529376,-1.8690056775249515,0.0,0.0,0.0,-0.656807695389757,0.754058121948697,-1.433154828534406
1651835086.392953,-1.344611095013155,-1.9255940682933803,0.0,0.0,0.0,-0.6579804682263956,0.7530349948259863,-1.436267503091438
1651835086.493016,-1.342425949524114,-1.9435947496909287,0.0,0.0,0.0,-0.6579785481689937,0.7530366725129815,-1.4362624035800575
1651835086.593017,-1.3374405857977971,-1.9820941439179531,0.0,0.0,0.0,-0.6595672538490541,0.7516455532031154,-1.4404857673243625
1651835086.693056,-1.3374405857977971,-1.9820941439179531,0.0,0.0,0.0,-0.6595672538490541,0.7516455532031154,-1.4404857673243625
1651835086.79308,-1.334482727385244,-2.001871382180794,0.0,0.0,0.0,-0.6596984873307624,0.7515303758421904,-1.4408349838833536
1651835086.8930683,-1.3284534997467157,-2.039849967025722,0.0,0.0,0.0,-0.6605687251407226,0.7507655821666044,-1.4431520711602863
1651835086.9929717,-1.3232662002849218,-2.076468689877918,0.0,0.0,0.0,-0.6614009202964413,0.7500325477144446,-1.44537007784315
1651835087.0930357,-1.3232662002849218,-2.076468689877918,0.0,0.0,0.0,-0.6614009202964413,0.7500325477144446,-1.44537007784315
1651835087.193014,-1.313823081639964,-2.124997140736756,0.0,0.0,0.0,-0.6677337328582595,0.7444002028500358,-1.4623203879943214
1651835087.2930012,-1.3120752240965392,-2.1316104417870334,0.0,0.0,0.0,-0.6696897804078693,0.7426409617151883,-1.4675819677489668
1651835087.3930132,-1.3099354057775,-2.1510906014249307,0.0,0.0,0.0,-0.6690053262520039,0.7432576090740343,-1.465739435234538
1651835087.5045395,-1.3056205082345036,-2.1879180387977866,0.0,0.0,0.0,-0.6657943723013958,0.7461352784929757,-1.4571159242649956
1651835087.593103,-1.3056205082345036,-2.1879180387977866,0.0,0.0,0.0,-0.6657943723013958,0.7461352784929757,-1.4571159242649956
1651835087.6931431,-1.3002059293975905,-2.2440094587140305,0.0,0.0,0.0,-0.6673581272184839,0.7447369535852494,-1.4613114664717144
1651835087.793085,-1.2976796219119962,-2.263559257658554,0.0,0.0,0.0,-0.6666409734463488,0.7453789724177255,-1.4593863713720636
1651835087.8930976,-1.2940911313831878,-2.2928535318751107,0.0,0.0,0.0,-0.666065838506686,0.7458929539648336,-1.4578437019206436
1651835087.9933472,-1.2933229511040238,-2.3020651426556524,0.0,0.0,0.0,-0.6662545340335627,0.745724410140717,-1.458349717820997
1651835088.09308,-1.2917314172605256,-2.3210966994382405,0.0,0.0,0.0,-0.666575300154684,0.7454377031138772,-1.4592101638136157
1651835088.1930633,-1.2840961605448356,-2.376880370145801,0.0,0.0,0.0,-0.6654519532045752,0.7464406861742037,-1.4561982648656238
1651835088.293115,-1.2840961605448356,-2.376880370145801,0.0,0.0,0.0,-0.6654519532045752,0.7464406861742037,-1.4561982648656238
1651835088.393027,-1.2777342809654535,-2.4317102190656423,0.0,0.0,0.0,-0.6651170326260348,0.7467391331052218,-1.4553010639562645
1651835088.493054,-1.2750041844053674,-2.453551259150373,0.0,0.0,0.0,-0.6692537912056317,0.7430338908534986,-1.4664081195439762
1651835088.5929956,-1.2727075344695282,-2.471976610876362,0.0,0.0,0.0,-0.6722639317191701,0.7403115601619923,-1.4745252749363194
1651835088.6930027,-1.2714013436864846,-2.4907871637869685,0.0,0.0,0.0,-0.6709500757933459,0.7415025258169411,-1.4709786611095022
1651835088.7930062,-1.2714013436864846,-2.4907871637869685,0.0,0.0,0.0,-0.6709500757933459,0.7415025258169411,-1.4709786611095022
1651835088.8931851,-1.2654802640592755,-2.548518040663144,0.0,0.0,0.0,-0.6690837927259178,0.7431869739920777,-1.4659505873346161
1651835088.9930778,-1.2654802640592755,-2.548518040663144,0.0,0.0,0.0,-0.6690837927259178,0.7431869739920777,-1.4659505873346161
1651835089.0930855,-1.2582627283778418,-2.601181104818698,0.0,0.0,0.0,-0.6686580827610581,0.7435700157741071,-1.4648052489742636
1651835089.193041,-1.257954640463274,-2.605664154194208,0.0,0.0,0.0,-0.6686580827610581,0.7435700157741071,-1.4648052489742636
1651835089.293159,-1.257954640463274,-2.605664154194208,0.0,0.0,0.0,-0.6686580827610581,0.7435700157741071,-1.4648052489742636
1651835089.3943255,-1.2514314969759002,-2.6625535999926515,0.0,0.0,0.0,-0.6615471843264389,0.7499035424037953,-1.445760131874112
1651835089.4930377,-1.2487779149706797,-2.6818959307833734,0.0,0.0,0.0,-0.6615769998265668,0.7498772388201143,-1.4458396514959055
1651835089.5930085,-1.2487779149706797,-2.6818959307833734,0.0,0.0,0.0,-0.6615769998265668,0.7498772388201143,-1.4458396514959055
1651835089.6934054,-1.244057302250631,-2.7190017869281853,0.0,0.0,0.0,-0.662649856145986,0.7489293479025269,-1.4487028792016994
1651835089.7930715,-1.2395500184882575,-2.757460435535071,0.0,0.0,0.0,-0.6626906353190573,0.7488932646648816,-1.4488117817452155
1651835089.8929794,-1.2395500184882575,-2.757460435535071,0.0,0.0,0.0,-0.6626906353190573,0.7488932646648816,-1.4488117817452155
1651835089.9929996,-1.2406506449423622,-2.831015995568456,0.0,0.0,0.0,-0.6629878201422135,0.748630182628964,-1.449605585193948
1651835090.0931113,-1.2406506449423622,-2.831015995568456,0.0,0.0,0.0,-0.6629878201422135,0.748630182628964,-1.449605585193948
1651835090.193002,-1.2343127096730235,-2.8822171222751325,0.0,0.0,0.0,-0.6627652766333679,0.7488272084326899,-1.4490111281936073
1651835090.293043,-1.2338017172390798,-2.8874843557759413,0.0,0.0,0.0,-0.6627600105082173,0.748831869294535,-1.4489970632432352
1651835090.3930058,-1.2338017172390798,-2.8874843557759413,0.0,0.0,0.0,-0.6627600105082173,0.748831869294535,-1.4489970632432352
1651835090.4929588,-1.2291106043581548,-2.9441576890982675,0.0,0.0,0.0,-0.6627064910135971,0.748879233767665,-1.4488541264792947
1651835090.5930014,-1.2291106043581548,-2.9441576890982675,0.0,0.0,0.0,-0.6627064910135971,0.748879233767665,-1.4488541264792947
1651835090.6930926,-1.2485555949901683,-3.0016148969881127,0.0,0.0,0.0,-0.6623980905870887,0.7491520336931476,-1.4480306445431017
1651835090.793456,-1.2485555949901683,-3.0016148969881127,0.0,0.0,0.0,-0.6623980905870887,0.7491520336931476,-1.4480306445431017
1651835090.8929892,-1.2527855811137705,-3.0488729583019665,0.0,0.0,0.0,-0.6627808992466451,0.748813381019469,-1.4490528541280847
1651835090.993417,-1.251789160405897,-3.055981677778888,0.0,0.0,0.0,-0.6626680487291642,0.7489132507797429,-1.448751462632811
1651835091.0931072,-1.251789160405897,-3.055981677778888,0.0,0.0,0.0,-0.6626680487291642,0.7489132507797429,-1.448751462632811
1651835091.193113,-1.2432229250696798,-3.108554035939627,0.0,0.0,0.0,-0.6621603144074714,0.7493622074963473,-1.4473959460635384
1651835091.2931151,-1.2432229250696798,-3.108554035939627,0.0,0.0,0.0,-0.6621603144074714,0.7493622074963473,-1.4473959460635384
1651835091.3929024,-1.2381461454267322,-3.160452770338654,0.0,0.0,0.0,-0.6616398138699434,0.7498218166352234,-1.446007189224522
1651835091.492952,-1.2380909096023252,-3.1614031187584133,0.0,0.0,0.0,-0.6616085985323381,0.7498493597703978,-1.4459239300725375
1651835091.5931385,-1.2445301053010032,-3.2068329553078208,0.0,0.0,0.0,-0.661669436091246,0.7497956770632203,-1.4460862019632323
1651835091.6930122,-1.246596375637975,-3.215793750876287,0.0,0.0,0.0,-0.6620773234843432,0.7494355327363444,-1.4471744594124298
1651835091.7931323,-1.246596375637975,-3.215793750876287,0.0,0.0,0.0,-0.6620773234843432,0.7494355327363444,-1.4471744594124298
1651835091.8930817,-1.2405926393528208,-3.2684929065963835,0.0,0.0,0.0,-0.661910888656768,0.7495825341332386,-1.4467303424786322
1651835091.9931307,-1.2405926393528208,-3.2684929065963835,0.0,0.0,0.0,-0.661910888656768,0.7495825341332386,-1.4467303424786322
1651835092.0929618,-1.2346082193114425,-3.321012251775314,0.0,0.0,0.0,-0.6618841179404322,0.7496061728789432,-1.4466589152694818
1651835092.1930542,-1.234386394435958,-3.3238227626933723,0.0,0.0,0.0,-0.6618520019224537,0.7496345293216157,-1.4465732291807132
1651835092.2930503,-1.234386394435958,-3.3238227626933723,0.0,0.0,0.0,-0.6618520019224537,0.7496345293216157,-1.4465732291807132
1651835092.3930907,-1.2274763836960747,-3.3783201424258387,0.0,0.0,0.0,-0.6619761644453269,0.7495248879832167,-1.4469045148896407
1651835092.492955,-1.2274763836960747,-3.3783201424258387,0.0,0.0,0.0,-0.6619761644453269,0.7495248879832167,-1.4469045148896407
1651835092.5931597,-1.2321542155057024,-3.427851510940666,0.0,0.0,0.0,-0.6620188407996098,0.7494871943044397,-1.4470183935028305
1651835092.693131,-1.2321542155057024,-3.427851510940666,0.0,0.0,0.0,-0.6620188407996098,0.7494871943044397,-1.4470183935028305
1651835092.793119,-1.2267752828021932,-3.4785399905072483,0.0,0.0,0.0,-0.6617510269228501,0.7497236680047877,-1.446303847255484
1651835092.893115,-1.2262010062880622,-3.483235671927801,0.0,0.0,0.0,-0.6617158475680046,0.7497547179427131,-1.4462100030089282
1651835092.9930367,-1.2262010062880622,-3.483235671927801,0.0,0.0,0.0,-0.6617158475680046,0.7497547179427131,-1.4462100030089282
1651835093.0930583,-1.2195413666216184,-3.5359318549204253,0.0,0.0,0.0,-0.6615158884852304,0.7499311496941545,-1.4456766670993102
1651835093.192919,-1.2174306266954291,-3.552461336818441,0.0,0.0,0.0,-0.6612063582004413,0.7502040734862147,-1.4448513274216237
1651835093.293081,-1.2174306266954291,-3.552461336818441,0.0,0.0,0.0,-0.6612063582004413,0.7502040734862147,-1.4448513274216237
1651835093.3934658,-1.2174306266954291,-3.552461336818441,0.0,0.0,0.0,-0.6612063582004413,0.7502040734862147,-1.4448513274216237
1651835093.4929233,-1.2079116760533837,-3.6216726173656126,0.0,0.0,0.0,-0.6610905289487925,0.7503061458726069,-1.444542554445807
1651835093.593006,-1.2079116760533837,-3.6216726173656126,0.0,0.0,0.0,-0.6610905289487925,0.7503061458726069,-1.444542554445807
1651835093.693055,-1.205573520475276,-3.672292572306728,0.0,0.0,0.0,-0.6611902628051839,0.7502182591563683,-1.4448084184488457
1651835093.7929986,-1.205573520475276,-3.672292572306728,0.0,0.0,0.0,-0.6611902628051839,0.7502182591563683,-1.4448084184488457
1651835093.8930857,-1.1987646516389758,-3.723929213922447,0.0,0.0,0.0,-0.6617203178489657,0.7497507725543627,-1.4462219276894028
1651835093.994025,-1.1980948330901355,-3.730011357465546,0.0,0.0,0.0,-0.6615990567917981,0.7498577785501749,-1.4458984804622874
1651835094.0931084,-1.1980948330901355,-3.730011357465546,0.0,0.0,0.0,-0.6615990567917981,0.7498577785501749,-1.4458984804622874
1651835094.193052,-1.1914855591728697,-3.78804370129923,0.0,0.0,0.0,-0.6621096451471061,0.7494069774182606,-1.4472607170746963
1651835094.2930744,-1.1897902161568057,-3.803647896338666,0.0,0.0,0.0,-0.6613413933296481,0.7500850361584342,-1.445211351707541
1651835094.3929894,-1.1897902161568057,-3.803647896338666,0.0,0.0,0.0,-0.6613413933296481,0.7500850361584342,-1.445211351707541
1651835094.4930837,-1.185897705908571,-3.827218012957245,0.0,0.0,0.0,-0.6612519279369049,0.7501639072894178,-1.4449728169149574
1651835094.5930483,-1.185897705908571,-3.827218012957245,0.0,0.0,0.0,-0.6612519279369049,0.7501639072894178,-1.4449728169149574
1651835094.6930425,-1.17584473842629,-3.887648329119375,0.0,0.0,0.0,-0.6603219932685658,0.7509825998023045,-1.4424948854272872
1651835094.7931182,-1.175600907338146,-3.8900025637952975,0.0,0.0,0.0,-0.6603219932685658,0.7509825998023045,-1.4424948854272872
1651835094.8929727,-1.1732227553566577,-3.905366717059529,0.0,0.0,0.0,-0.6598902283350683,0.7513620209645224,-1.4413453091832165
1651835094.993034,-1.1694069882882918,-3.935467458725619,0.0,0.0,0.0,-0.659448092792685,0.7517501000412905,-1.4401687222248574
1651835095.0930912,-1.1694069882882918,-3.935467458725619,0.0,0.0,0.0,-0.659448092792685,0.7517501000412905,-1.4401687222248574
1651835095.193257,-1.1637532268137505,-3.9799488215890495,0.0,0.0,0.0,-0.6575937550958249,0.7533727186850958,-1.4352406545998717
1651835095.293061,-1.1637532268137505,-3.9799488215890495,0.0,0.0,0.0,-0.6575937550958249,0.7533727186850958,-1.4352406545998717
1651835095.3932211,-1.1584545375984456,-4.0161237900198605,0.0,0.0,0.0,-0.6473155924837841,0.7622220960634555,-1.4081146577261612
1651835095.4933534,-1.1578139510509555,-4.019801085391396,0.0,0.0,0.0,-0.6459912285531497,0.7633448320597921,-1.4046422080458971
1651835095.593289,-1.155374196016471,-4.0335283594657385,0.0,0.0,0.0,-0.6421206726387438,0.7666035753699347,-1.3945227879708004
1651835095.6931794,-1.1504059288103876,-4.060992715974545,0.0,0.0,0.0,-0.6340187898973421,0.7733176411133461,-1.373478054250574
1651835095.793059,-1.1504059288103876,-4.060992715974545,0.0,0.0,0.0,-0.6340187898973421,0.7733176411133461,-1.373478054250574
1651835095.8931637,-1.1504059288103876,-4.060992715974545,0.0,0.0,0.0,-0.6340187898973421,0.7733176411133461,-1.373478054250574
1651835095.993488,-1.14077457456148,-4.118996823122206,0.0,0.0,0.0,-0.6181380886106762,0.7860695283553101,-1.3327437129086892
1651835096.0933287,-1.14077457456148,-4.118996823122206,0.0,0.0,0.0,-0.6181380886106762,0.7860695283553101,-1.3327437129086892
1651835096.1930556,-1.121078847787114,-4.154478223605443,0.0,0.0,0.0,-0.615368246801894,0.7882397610042031,-1.3257061149741542
1651835096.2931516,-1.1199110618889634,-4.155410937344756,0.0,0.0,0.0,-0.6153761462443464,0.7882335939513468,-1.3257261583004245
1651835096.3931503,-1.0991587386801236,-4.174338122472836,0.0,0.0,0.0,-0.6167236016971945,0.7871797755974426,-1.3291473686324413
1651835096.4929168,-1.098852400814324,-4.176472563377284,0.0,0.0,0.0,-0.6165363090438243,0.7873264758857141,-1.328671555589945
1651835096.5930986,-1.098852400814324,-4.176472563377284,0.0,0.0,0.0,-0.6165363090438243,0.7873264758857141,-1.328671555589945
1651835096.693189,-1.102565024217988,-4.172151823432975,0.0,0.0,0.0,-0.6158925584280206,0.7878301571233404,-1.3270367960581706
1651835096.7930906,-1.1027336338126676,-4.172632817077835,0.0,0.0,0.0,-0.612987353766027,0.7900927186874486,-1.3196721740635484
1651835096.8930418,-1.1027336338126676,-4.172632817077835,0.0,0.0,0.0,-0.612987353766027,0.7900927186874486,-1.3196721740635484
1651835096.9931674,-1.105910137844258,-4.19078250717388,0.0,0.0,0.0,-0.5926091098844131,0.8054901879489307,-1.268588307712238
1651835097.093039,-1.105910137844258,-4.19078250717388,0.0,0.0,0.0,-0.5926091098844131,0.8054901879489307,-1.268588307712238
1651835097.1931086,-1.1079868283568155,-4.231627975558874,0.0,0.0,0.0,-0.5608749644862714,0.8279005219303366,-1.1908845389887979
1651835097.2930455,-1.1069450133893772,-4.234969404582203,0.0,0.0,0.0,-0.5603674557030583,0.8282441153361012,-1.1896587794605364
1651835097.3929777,-1.1069450133893772,-4.234969404582203,0.0,0.0,0.0,-0.5603674557030583,0.8282441153361012,-1.1896587794605364
1651835097.4931228,-1.0986228761573278,-4.25984274021932,0.0,0.0,0.0,-0.5604479407998936,0.8281896556062258,-1.1898531369970313
1651835097.5931094,-1.0986228761573278,-4.25984274021932,0.0,0.0,0.0,-0.5604479407998936,0.8281896556062258,-1.1898531369970313
1651835097.6930084,-1.0981930734301542,-4.294948486996995,0.0,0.0,0.0,-0.5585856460803881,0.8294468494080591,-1.1853592834160775
1651835097.7929766,-1.098304077523634,-4.295699626657066,0.0,0.0,0.0,-0.5582341090111331,0.8296834815377164,-1.1845117621395687
1651835097.892969,-1.0932814302779257,-4.320864585397186,0.0,0.0,0.0,-0.5416301553727206,0.8406169013236188,-1.1447502751141083
1651835097.9930542,-1.0915876897784615,-4.32622073130498,0.0,0.0,0.0,-0.5395511720701834,0.8419528090799931,-1.1398078772290552
1651835098.0930803,-1.088355228722116,-4.336884144640663,0.0,0.0,0.0,-0.5358830361209772,0.8442922311603746,-1.1311065791952568
1651835098.1929944,-1.080125788556204,-4.359781538965744,0.0,0.0,0.0,-0.5212792449628766,0.8533861662640972,-1.0966985759390393
1651835098.2929916,-1.080125788556204,-4.359781538965744,0.0,0.0,0.0,-0.5212792449628766,0.8533861662640972,-1.0966985759390393
1651835098.3929293,-1.0707674440096842,-4.379128503884248,0.0,0.0,0.0,-0.5079655130279846,0.8613774071649525,-1.065642482556602
1651835098.493018,-1.0707674440096842,-4.379128503884248,0.0,0.0,0.0,-0.5079655130279846,0.8613774071649525,-1.065642482556602
1651835098.5929294,-1.0707674440096842,-4.379128503884248,0.0,0.0,0.0,-0.5079655130279846,0.8613774071649525,-1.065642482556602
1651835098.6930735,-1.0756890738323186,-4.395700467464058,0.0,0.0,0.0,-0.4812325978039496,0.876592942482919,-1.0041205878340513
1651835098.7929666,-1.0756890738323186,-4.395700467464058,0.0,0.0,0.0,-0.4812325978039496,0.876592942482919,-1.0041205878340513
1651835098.8931108,-1.089192607825057,-4.4104491501489465,0.0,0.0,0.0,-0.4605020445345777,0.8876586432742453,-0.9571213969625159
1651835098.9929423,-1.089192607825057,-4.4104491501489465,0.0,0.0,0.0,-0.4605020445345777,0.8876586432742453,-0.9571213969625159
1651835099.093026,-1.091800391605167,-4.442155481718931,0.0,0.0,0.0,-0.4420060630229969,0.8970120624890785,-0.9156676558637263
1651835099.192983,-1.091260626572114,-4.444305671504671,0.0,0.0,0.0,-0.4411791902042636,0.8974190337466162,-0.9138244582910965
1651835099.2930126,-1.091260626572114,-4.444305671504671,0.0,0.0,0.0,-0.4411791902042636,0.8974190337466162,-0.9138244582910965
1651835099.3929825,-1.077884894103643,-4.452769295238252,0.0,0.0,0.0,-0.4136698434164588,0.9104269661251266,-0.8529625843122649
1651835099.4931197,-1.0730536974883094,-4.453115655852989,0.0,0.0,0.0,-0.4043363714050483,0.9146103535161838,-0.8325062560122914
1651835099.593176,-1.0730536974883094,-4.453115655852989,0.0,0.0,0.0,-0.4043363714050483,0.9146103535161838,-0.8325062560122914
1651835099.693045,-1.064402879776364,-4.45785230819416,0.0,0.0,0.0,-0.3859129663936064,0.9225351930247904,-0.7923944913415298
1651835099.792951,-1.064402879776364,-4.45785230819416,0.0,0.0,0.0,-0.3859129663936064,0.9225351930247904,-0.7923944913415298
1651835099.893065,-1.049633018016959,-4.483114720291676,0.0,0.0,0.0,-0.3487790903144676,0.9372049648606288,-0.7125361474202339
1651835099.9930742,-1.0493240664038743,-4.4841609578551385,0.0,0.0,0.0,-0.3474092756551727,0.9377135997674068,-0.7096137497408613
1651835100.0930326,-1.0493240664038743,-4.4841609578551385,0.0,0.0,0.0,-0.3474092756551727,0.9377135997674068,-0.7096137497408613
1651835100.1929371,-1.029691458126445,-4.517301011964473,0.0,0.0,0.0,-0.3161523072328212,0.9487084476441452,-0.6433420298173202
1651835100.293103,-1.029691458126445,-4.517301011964473,0.0,0.0,0.0,-0.3161523072328212,0.9487084476441452,-0.6433420298173202
1651835100.3932536,-1.017325302291857,-4.539861743464996,0.0,0.0,0.0,-0.2844014451109404,0.9587052821481734,-0.576764067217134
1651835100.492957,-1.011155933541965,-4.549499529635478,0.0,0.0,0.0,-0.2750717715392982,0.9614236945812352,-0.5573287058111898
1651835100.5929513,-1.011155933541965,-4.549499529635478,0.0,0.0,0.0,-0.2750717715392982,0.9614236945812352,-0.5573287058111898
1651835100.6930826,-0.9995793209496748,-4.569783388575864,0.0,0.0,0.0,-0.2546156244976796,0.967042338143298,-0.5149004140703408
1651835100.792931,-0.9878525387631428,-4.58777502403484,0.0,0.0,0.0,-0.2338063582031737,0.9722831824441732,-0.47198143529119363
1651835100.8930278,-0.9878525387631428,-4.58777502403484,0.0,0.0,0.0,-0.2338063582031737,0.9722831824441732,-0.47198143529119363
1651835100.993166,-0.9762584346262624,-4.607236969873739,0.0,0.0,0.0,-0.2155013100825563,0.9765035511213986,-0.4344103466003881
1651835101.092975,-0.9762584346262624,-4.607236969873739,0.0,0.0,0.0,-0.2155013100825563,0.9765035511213986,-0.4344103466003881
1651835101.192939,-0.9762584346262624,-4.607236969873739,0.0,0.0,0.0,-0.2155013100825563,0.9765035511213986,-0.4344103466003881
1651835101.293112,-0.949510169714816,-4.644978534617289,0.0,0.0,0.0,-0.1788278790683285,0.9838803736572468,-0.3595899946334373
1651835101.3929138,-0.949510169714816,-4.644978534617289,0.0,0.0,0.0,-0.1788278790683285,0.9838803736572468,-0.3595899946334373
1651835101.493067,-0.9289220541595148,-4.671194497204235,0.0,0.0,0.0,-0.1444927900827709,0.9895058532490328,-0.2900007283882834
1651835101.593191,-0.9289220541595148,-4.671194497204235,0.0,0.0,0.0,-0.1444927900827709,0.9895058532490328,-0.2900007283882834
1651835101.6930351,-0.9091362009705556,-4.693239919893521,0.0,0.0,0.0,-0.1194575646487418,0.9928393073645864,-0.23948703366142765
1651835101.793008,-0.9073288619420262,-4.695804074048611,0.0,0.0,0.0,-0.1148920475053217,0.9933779831564796,-0.23029265372221422
1651835101.8931143,-0.9013815245473707,-4.704504617351784,0.0,0.0,0.0,-0.1051190627624534,0.9944596435471594,-0.2106272527414729
1651835101.993076,-0.8891001100863712,-4.720052907277483,0.0,0.0,0.0,-0.0827141980873048,0.996573309613886,-0.16561761285306822
1651835102.0930755,-0.8891001100863712,-4.720052907277483,0.0,0.0,0.0,-0.0827141980873048,0.996573309613886,-0.16561761285306822
1651835102.192849,-0.8813891342946933,-4.742482516994495,0.0,0.0,0.0,-0.0680132177462403,0.9976844201508824,-0.13613152619494753
1651835102.2930958,-0.8813891342946933,-4.742482516994495,0.0,0.0,0.0,-0.0680132177462403,0.9976844201508824,-0.13613152619494753
1651835102.3932247,-0.856049237468556,-4.769690993773781,0.0,0.0,0.0,-0.0304721087719937,0.999535617467926,-0.06095365310671433
1651835102.4929352,-0.8530601986788264,-4.77255382465596,0.0,0.0,0.0,-0.025849112790946,0.9996658558578064,-0.051703984571379036
1651835102.5931852,-0.8530601986788264,-4.77255382465596,0.0,0.0,0.0,-0.025849112790946,0.9996658558578064,-0.051703984571379036
1651835102.692993,-0.8284507362382993,-4.79208711817088,0.0,0.0,0.0,0.0035009224867963,0.999993871752093,0.007001859276641595
1651835102.793044,-0.8284507362382993,-4.79208711817088,0.0,0.0,0.0,0.0035009224867963,0.999993871752093,0.007001859276641595
1651835102.8931334,-0.8048519449118674,-4.807995352786634,0.0,0.0,0.0,0.0332065846055516,0.9994485092984202,0.06642538065337186
1651835102.9931197,-0.8044383139088274,-4.808224954884083,0.0,0.0,0.0,0.0338729227278694,0.9994261478998194,0.06775880712958553
1651835103.093138,-0.7836676226705133,-4.816503567262958,0.0,0.0,0.0,0.0437777781119053,0.999041293512728,0.08758354698465713
1651835103.193078,-0.779638212173941,-4.81724515295489,0.0,0.0,0.0,0.0417243862903926,0.9991291586119836,0.08347300457019717
1651835103.2930584,-0.774161196279098,-4.817980431385592,0.0,0.0,0.0,0.040253032348023,0.9991895182530636,0.0805278213148643
1651835103.3930273,-0.7749961404470587,-4.8174156633939695,0.0,0.0,0.0,0.0421619830441552,0.9991107882441188,0.08434896893564946
1651835103.4930303,-0.7749961404470587,-4.8174156633939695,0.0,0.0,0.0,0.0421619830441552,0.9991107882441188,0.08434896893564946
1651835103.5930643,-0.7781103854826404,-4.817349772366265,0.0,0.0,0.0,0.0420698017499698,0.9991146739892866,0.08416444262295404
1651835103.6930702,-0.7781103854826404,-4.817349772366265,0.0,0.0,0.0,0.0420698017499698,0.9991146739892866,0.08416444262295404
1651835103.793153,-0.7781103854826404,-4.817349772366265,0.0,0.0,0.0,0.0420698017499698,0.9991146739892866,0.08416444262295404
1651835103.8929296,-0.7803587694852268,-4.804370406406935,0.0,0.0,0.0,0.0424340221621702,0.9990992712254076,0.08489353453833995
1651835103.992993,-0.7803587694852268,-4.804370406406935,0.0,0.0,0.0,0.0424340221621702,0.9990992712254076,0.08489353453833995
1651835104.092963,-0.803851132338834,-4.786191291450219,0.0,0.0,0.0,0.0441355734327347,0.9990255508032634,0.08829982996192157
1651835104.193053,-0.803851132338834,-4.786191291450219,0.0,0.0,0.0,0.0441355734327347,0.9990255508032634,0.08829982996192157
1651835104.2931776,-0.7982858425483478,-4.792522309522166,0.0,0.0,0.0,0.042846501178269,0.9990816670006416,0.08571924356668473
1651835104.3995583,-0.7975485051602175,-4.79281814120583,0.0,0.0,0.0,0.042846501178269,0.9990816670006416,0.08571924356668473
1651835104.4930434,-0.7963868346414745,-4.79340703446747,0.0,0.0,0.0,0.0432163603005007,0.9990657366772104,0.08645964763762931
1651835104.5930085,-0.7975983443868466,-4.793736343922676,0.0,0.0,0.0,0.0433707509684438,0.999059046283268,0.0867687187606191
1651835104.693125,-0.7975983443868466,-4.793736343922676,0.0,0.0,0.0,0.0433707509684438,0.999059046283268,0.0867687187606191
1651835104.793151,-0.7973937119074025,-4.7939283183211385,0.0,0.0,0.0,0.0434677505788089,0.999054830657266,0.08696290110709765
1651835104.893198,-0.7973937119074025,-4.7939283183211385,0.0,0.0,0.0,0.0434677505788089,0.999054830657266,0.08696290110709765
1651835104.9930816,-0.7808976486712462,-4.8015099700532495,0.0,0.0,0.0,0.044321607870889,0.9990173147026729,0.08867226328820979
1651835105.0930717,-0.7787986691678983,-4.802717394391602,0.0,0.0,0.0,0.0444392467717618,0.9990120886888,0.08890777313713834
1651835105.1932757,-0.7787986691678983,-4.802717394391602,0.0,0.0,0.0,0.0444392467717618,0.9990120886888,0.08890777313713834
1651835105.2931218,-0.7690042438440857,-4.809750895977907,0.0,0.0,0.0,0.0443972162273094,0.9990139574556832,0.08882362899992388
1651835105.394198,-0.7690042438440857,-4.809750895977907,0.0,0.0,0.0,0.0443972162273094,0.9990139574556832,0.08882362899992388
1651835105.4929814,-0.7606591234706502,-4.821720110377361,0.0,0.0,0.0,0.0443851697088364,0.9990144927426816,0.08879951218923149
1651835105.5930276,-0.7605741664459599,-4.821823206578534,0.0,0.0,0.0,0.0443851697088364,0.9990144927426816,0.08879951218923149
1651835105.693151,-0.7521254724031081,-4.8284482700860565,0.0,0.0,0.0,0.0440955831320034,0.9990273167177404,0.08821977141817426
1651835105.7929883,-0.7506553517278765,-4.829469430924271,0.0,0.0,0.0,0.0441192358828603,0.9990262724398756,0.08826712300270463
1651835105.8930783,-0.7474907992481119,-4.832016861517457,0.0,0.0,0.0,0.0442547397179602,0.9990202790797068,0.08853839563104073
1651835105.9930463,-0.7474907992481119,-4.832016861517457,0.0,0.0,0.0,0.0442547397179602,0.9990202790797068,0.08853839563104073
1651835106.0932057,-0.7344545570301866,-4.842942671221247,0.0,0.0,0.0,0.0443592322475078,0.999015644779606,0.08874758612297245
1651835106.193183,-0.7330071546619541,-4.844153430728159,0.0,0.0,0.0,0.0444155156631843,0.9990131440418456,0.08886026401025116
1651835106.2930453,-0.7330071546619541,-4.844153430728159,0.0,0.0,0.0,0.0444155156631843,0.9990131440418456,0.08886026401025116
1651835106.3974476,-0.7226154160634489,-4.852235632312896,0.0,0.0,0.0,0.0442506760910356,0.9990204590825388,0.08853026040767523
1651835106.493315,-0.7226154160634489,-4.852235632312896,0.0,0.0,0.0,0.0442506760910356,0.9990204590825388,0.08853026040767523
1651835106.593401,-0.7121052189573064,-4.860401903838248,0.0,0.0,0.0,0.0447664168784053,0.9989974814382012,0.08956276520246367
1651835106.6930747,-0.71186412209853,-4.860604415366443,0.0,0.0,0.0,0.0447664168784053,0.9989974814382012,0.08956276520246367
1651835106.793759,-0.7031703704922374,-4.867558559850574,0.0,0.0,0.0,0.0450153721818328,0.9989862943340768,0.0900611782629858
1651835106.8931415,-0.7013235209142766,-4.868944324387196,0.0,0.0,0.0,0.0451058627075585,0.9989822126291372,0.09024234333210168
1651835106.993076,-0.697920906105205,-4.871521075605728,0.0,0.0,0.0,0.044797897057541,0.9989960702721618,0.08962578878751207
1651835107.0931888,-0.6929999821467681,-4.881503034634927,0.0,0.0,0.0,0.0454375360767836,0.9989671818009194,0.09090637089376659
1651835107.193392,-0.6929999821467681,-4.881503034634927,0.0,0.0,0.0,0.0454375360767836,0.9989671818009194,0.09090637089376659
1651835107.2931194,-0.6879437001452875,-4.885335730535224,0.0,0.0,0.0,0.0453782348574836,0.998969877324246,0.09078764599397711
1651835107.3932922,-0.6879437001452875,-4.885335730535224,0.0,0.0,0.0,0.0453782348574836,0.998969877324246,0.09078764599397711
1651835107.4930117,-0.6879437001452875,-4.885335730535224,0.0,0.0,0.0,0.0453782348574836,0.998969877324246,0.09078764599397711
1651835107.5929985,-0.6803425504337264,-4.891468779618678,0.0,0.0,0.0,0.0459984416656725,0.9989415114831948,0.09202935629552748
1651835107.6931374,-0.6803425504337264,-4.891468779618678,0.0,0.0,0.0,0.0459984416656725,0.9989415114831948,0.09202935629552748
1651835107.7930312,-0.6729377598122686,-4.897245539141212,0.0,0.0,0.0,0.0466711549322549,0.9989103079342456,0.09337622944121386
1651835107.8930027,-0.6729377598122686,-4.897245539141212,0.0,0.0,0.0,0.0466711549322549,0.9989103079342456,0.09337622944121386
1651835107.9929488,-0.6681686627176657,-4.900828129827026,0.0,0.0,0.0,0.047079295903553,0.9988911551801956,0.09419340967289458
1651835108.093061,-0.6675208600131453,-4.901290129299087,0.0,0.0,0.0,0.0470601920515244,0.9988920553914088,0.09415515957262957
1651835108.193077,-0.6675208600131453,-4.901290129299087,0.0,0.0,0.0,0.0470601920515244,0.9988920553914088,0.09415515957262957
1651835108.2930784,-0.6602139747505281,-4.905769778857595,0.0,0.0,0.0,0.0471559591195927,0.9988875389749896,0.09434690658669462
1651835108.3929746,-0.6578319393675444,-4.907147245575256,0.0,0.0,0.0,0.0471444107508506,0.9988880840889808,0.09432378413268395
1651835108.4929602,-0.6578319393675444,-4.907147245575256,0.0,0.0,0.0,0.0471444107508506,0.9988880840889808,0.09432378413268395
1651835108.592912,-0.6578319393675444,-4.907147245575256,0.0,0.0,0.0,0.0471444107508506,0.9988880840889808,0.09432378413268395
1651835108.6930828,-0.6561640922693182,-4.909017942606198,0.0,0.0,0.0,0.0473343624853594,0.9988791008566076,0.09470411220167575
1651835108.7929473,-0.6561640922693182,-4.909017942606198,0.0,0.0,0.0,0.0473343624853594,0.9988791008566076,0.09470411220167575
1651835108.8932796,-0.656207198139428,-4.909073787712551,0.0,0.0,0.0,0.0474692453126119,0.9988726999720492,0.0949741814404903
1651835108.993031,-0.656207198139428,-4.909073787712551,0.0,0.0,0.0,0.0474692453126119,0.9988726999720492,0.0949741814404903
1651835109.092936,-0.656207198139428,-4.909073787712551,0.0,0.0,0.0,0.0474692453126119,0.9988726999720492,0.0949741814404903
1651835109.1930711,-0.656207198139428,-4.909073787712551,0.0,0.0,0.0,0.0474692453126119,0.9988726999720492,0.0949741814404903
1651835109.2930396,-0.656207198139428,-4.909073787712551,0.0,0.0,0.0,0.0474692453126119,0.9988726999720492,0.0949741814404903
1651835109.3929718,-0.656207198139428,-4.909073787712551,0.0,0.0,0.0,0.0474692453126119,0.9988726999720492,0.0949741814404903
1651835109.4929838,-0.656207198139428,-4.909073787712551,0.0,0.0,0.0,0.0474692453126119,0.9988726999720492,0.0949741814404903
1651835109.5929391,-0.656207198139428,-4.909073787712551,0.0,0.0,0.0,0.0474692453126119,0.9988726999720492,0.0949741814404903
1651835109.6929383,-0.656207198139428,-4.909073787712551,0.0,0.0,0.0,0.0474692453126119,0.9988726999720492,0.0949741814404903
1651835109.7929678,-0.656207198139428,-4.909073787712551,0.0,0.0,0.0,0.0474692453126119,0.9988726999720492,0.0949741814404903
1651835109.8929076,-0.656207198139428,-4.909073787712551,0.0,0.0,0.0,0.0474692453126119,0.9988726999720492,0.0949741814404903
1651835109.993047,-0.656207198139428,-4.909073787712551,0.0,0.0,0.0,0.0474692453126119,0.9988726999720492,0.0949741814404903
1651835110.0943656,-0.656207198139428,-4.909073787712551,0.0,0.0,0.0,0.0474692453126119,0.9988726999720492,0.0949741814404903
1651835110.1929142,-0.656207198139428,-4.909073787712551,0.0,0.0,0.0,0.0474692453126119,0.9988726999720492,0.0949741814404903
1651835110.2929077,-0.656207198139428,-4.909073787712551,0.0,0.0,0.0,0.0474692453126119,0.9988726999720492,0.0949741814404903
1651835110.3929708,-0.656207198139428,-4.909073787712551,0.0,0.0,0.0,0.0474692453126119,0.9988726999720492,0.0949741814404903
1651835110.493075,-0.656207198139428,-4.909073787712551,0.0,0.0,0.0,0.0474692453126119,0.9988726999720492,0.0949741814404903
